代碼,類型,貨號,名稱,已發佈,是特色商品？,目錄的可見度,簡短內容說明,描述,折扣價開始日期,折扣價結束日期,稅金狀態,稅率類別,有庫存？,庫存,低庫存量,允許無庫存下單嗎？,單獨銷售?,重量 (kg),長 (cm),寬 (cm),高 (cm),允許客戶評論嗎？,購買備註,折扣價,原價,分類,標籤,運送類別,圖片,下載限制,下載點過期天數,上層,組合商品,追加銷售,交叉銷售,外部網址,按鈕文字,位置,屬性 1 名稱,屬性 1 值,屬性 1 可見,屬性 1 全域,屬性 2 名稱,屬性 2 值,屬性 2 可見,屬性 2 全域,屬性 3 名稱,屬性 3 值,屬性 3 可見,屬性 3 全域,屬性 4 名稱,屬性 4 值,屬性 4 可見,屬性 4 全域,屬性 5 名稱,屬性 5 值,屬性 5 可見,屬性 5 全域,屬性 6 名稱,屬性 6 值,屬性 6 可見,屬性 6 全域,屬性 7 名稱,屬性 7 值,屬性 7 可見,屬性 7 全域,屬性 8 名稱,屬性 8 值,屬性 8 可見,屬性 8 全域,屬性 9 名稱,屬性 9 值,屬性 9 可見,屬性 9 全域,屬性 10 名稱,屬性 10 值,屬性10 可見,屬性 10 全域
1595,simple,618003.1566,Spectinomycin Hydrochloride,1,1,visible,Spectinomycin Hydrochloride,觀黴素鹽酸鹽標準品,,,taxable,,1,,,0,0,,,,,1,,,10600,BLUE,,,,,,,,,,,,0,產品編號,618003.1566,1,1,英文名稱,Spectinomycin Hydrochloride,1,1,中文名稱,觀黴素鹽酸鹽標準品,1,1,CAS Number,22189-32-8,1,1,產品線,781,1,1,法規需求,無管制_但請再確認注意事項,1,1,注意事項,M2,1,1,運送方式,A,1,1,停產資訊,Y,1,1,產品分類,BLUE,1,1
1596,simple,1.00327.5000,HYDROCHLORIC ACID IN ETHANOL FOR MICROSC,1,0,visible,HYDROCHLORIC ACID IN ETHANOL FOR MICROSC,鹽酸標準液配製在乙醇溶液,,,taxable,,1,,,0,0,,,,,1,,,8600,BLUE,,,,,,,,,,,,0,產品編號,1.00327.5000,1,1,英文名稱,HYDROCHLORIC ACID IN ETHANOL FOR MICROSC,1,1,中文名稱,鹽酸標準液配製在乙醇溶液,1,1,CAS Number,-,1,1,產品線,649,1,1,法規需求,醫療器材_需先查詢默克是否有證,1,1,注意事項,-,1,1,運送方式,S,1,1,停產資訊,-,1,1,產品分類,BLUE,1,1
1597,simple,EPV0045000.1566,VaNComycin hydrochloride,1,0,visible,VaNComycin hydrochloride,鹽酸萬古黴素,,,taxable,,1,,,0,0,,,,,1,,,9800,BLUE,,,,,,,,,,,,0,產品編號,EPV0045000.1566,1,1,英文名稱,VaNComycin hydrochloride,1,1,中文名稱,鹽酸萬古黴素,1,1,CAS Number,1404-93-9,1,1,產品線,823,1,1,法規需求,原料藥_需先查詢默克是否有證,1,1,注意事項,-,1,1,運送方式,A,1,1,停產資訊,-,1,1,產品分類,BLUE,1,1
1598,simple,P3850000.1566,Pseudoephedrine hydrochloride *PREcursor,1,0,visible,Pseudoephedrine hydrochloride *PREcursor,"鹽酸假麻黃素標準品,第四級管制先驅原料藥",,,taxable,,1,,,0,0,,,,,1,,,12400,BLUE,,,,,,,,,,,,0,產品編號,P3850000.1566,1,1,英文名稱,Pseudoephedrine hydrochloride *PREcursor,1,1,中文名稱,"鹽酸假麻黃素標準品,第四級管制先驅原料藥",1,1,CAS Number,-,1,1,產品線,823,1,1,法規需求,"管制藥品_客戶需要有管制藥品證, 無法經銷",1,1,注意事項,-,1,1,運送方式,A,1,1,停產資訊,-,1,1,產品分類,BLUE,1,1
1599,simple,Y0000218.1566,Ondansetron hydrochloride dihydrate,1,0,visible,Ondansetron hydrochloride dihydrate,鹽酸昂丹司瓊,,,taxable,,1,,,0,0,,,,,1,,,9600,BLUE,,,,,,,,,,,,0,產品編號,Y0000218.1566,1,1,英文名稱,Ondansetron hydrochloride dihydrate,1,1,中文名稱,鹽酸昂丹司瓊,1,1,CAS Number,-,1,1,產品線,823,1,1,法規需求,新化學物質_需透過默克申請新化證,1,1,注意事項,-,1,1,運送方式,A,1,1,停產資訊,-,1,1,產品分類,BLUE,1,1
1600,simple,Y0001345.1566,Ondansetron impurity A,1,0,visible,Ondansetron impurity A,鹽酸昂丹司瓊,,,taxable,,1,,,0,0,,,,,1,,,9200,BLUE,,,,,,,,,,,,0,產品編號,Y0001345.1566,1,1,英文名稱,Ondansetron impurity A,1,1,中文名稱,鹽酸昂丹司瓊,1,1,CAS Number,103639-04-9,1,1,產品線,781,1,1,法規需求,待審核_請洽詢默克窗口,1,1,注意事項,-,1,1,運送方式,A,1,1,停產資訊,-,1,1,產品分類,BLUE,1,1
1601,simple,1457833.157,Nebivolol Hydrochloride,1,1,visible,Nebivolol Hydrochloride,鹽酸奈必洛爾,,,taxable,,1,,,0,0,,,,,1,,,86000,BLUE,,,,,,,,,,,,0,產品編號,1457833.157,1,1,英文名稱,Nebivolol Hydrochloride,1,1,中文名稱,鹽酸奈必洛爾,1,1,CAS Number,-,1,1,產品線,531,1,1,法規需求,新化學物質_需透過默克申請新化證,1,1,注意事項,M2,1,1,運送方式,A,1,1,停產資訊,Y,1,1,產品分類,BLUE,1,1
1602,simple,433008.1566,Methylphenidate Hydrochloride,1,0,visible,Methylphenidate Hydrochloride,鹽酸呱醋甲酯標準品第二級管制藥品,,,taxable,,1,,,0,0,,,,,1,,,12800,BLUE,,,,,,,,,,,,0,產品編號,433008.1566,1,1,英文名稱,Methylphenidate Hydrochloride,1,1,中文名稱,鹽酸呱醋甲酯標準品第二級管制藥品,1,1,CAS Number,-,1,1,產品線,823,1,1,法規需求,"管制藥品_客戶需要有管制藥品證, 無法經銷",1,1,注意事項,M2,1,1,運送方式,A,1,1,停產資訊,Y,1,1,產品分類,BLUE,1,1
1603,simple,DD661060.5000.1566,Naphazoline hydrochloride,1,1,visible,Naphazoline hydrochloride,鹽酸#甲唑#,,,taxable,,1,,,0,0,,,,,1,,,0,BLUE,,,,,,,,,,,,0,產品編號,DD661060.5000.1566,1,1,英文名稱,Naphazoline hydrochloride,1,1,中文名稱,鹽酸#甲唑#,1,1,CAS Number,550-99-2,1,1,產品線,253,1,1,法規需求,未變性酒精_只銷售終端客戶,1,1,注意事項,M2,1,1,運送方式,A,1,1,停產資訊,Y,1,1,產品分類,BLUE,1,1
1604,simple,C16971353EH,Solvent Yellow 34,1,0,visible,Solvent Yellow 34,鹽基性芥黃 DrE標準品,,,taxable,,1,,,0,0,,,,,1,,,3500,BLUE,,,,,,,,,,,,0,產品編號,C16971353EH,1,1,英文名稱,Solvent Yellow 34,1,1,中文名稱,鹽基性芥黃 DrE標準品,1,1,CAS Number,-,1,1,產品線,823,1,1,法規需求,第四類毒化物_客戶需有毒化物證,1,1,注意事項,-,1,1,運送方式,A,1,1,停產資訊,-,1,1,產品分類,BLUE,1,1
1605,simple,C17915000EH,Victoria blue B,1,1,visible,Victoria blue B,鹼性藍26,,,taxable,,1,,,0,0,,,,,1,,,1500,BLUE,,,,,,,,,,,,0,產品編號,C17915000EH,1,1,英文名稱,Victoria blue B,1,1,中文名稱,鹼性藍26,1,1,CAS Number,-,1,1,產品線,823,1,1,法規需求,無管制_但請再確認注意事項,1,1,注意事項,-,1,1,運送方式,A,1,1,停產資訊,-,1,1,產品分類,BLUE,1,1
1606,simple,XA14073000CYEH,gamma-HCH 1 ml,1,0,visible,gamma-HCH 1 ml,靈丹標準品 1ML,,,taxable,,1,,,0,0,,,,,1,,,2300,BLUE,,,,,,,,,,,,0,產品編號,XA14073000CYEH,1,1,英文名稱,gamma-HCH 1 ml,1,1,中文名稱,靈丹標準品 1ML,1,1,CAS Number,110-82-7,1,1,產品線,823,1,1,法規需求,第四類毒化物_客戶需有毒化物證,1,1,注意事項,-,1,1,運送方式,A,1,1,停產資訊,-,1,1,產品分類,BLUE,1,1
1607,simple,C14073000EH,gamma-HCH 0.25 g,1,0,visible,gamma-HCH 0.25 g,"靈丹, 0.25G",,,taxable,,1,,,0,0,,,,,1,,,0,BLUE,,,,,,,,,,,,0,產品編號,C14073000EH,1,1,英文名稱,gamma-HCH 0.25 g,1,1,中文名稱,"靈丹, 0.25G",1,1,CAS Number,58-89-9,1,1,產品線,781,1,1,法規需求,毒化物_客戶需有毒化物證,1,1,注意事項,-,1,1,運送方式,A,1,1,停產資訊,-,1,1,產品分類,BLUE,1,1
1608,simple,1224201.157,Divalproex Sodium,1,0,visible,Divalproex Sodium,癲安腸鈉鹽,,,taxable,,1,,,0,0,,,,,1,,,11000,BLUE,,,,,,,,,,,,0,產品編號,1224201.157,1,1,英文名稱,Divalproex Sodium,1,1,中文名稱,癲安腸鈉鹽,1,1,CAS Number,76584-70-8,1,1,產品線,781,1,1,法規需求,無管制_但請再確認注意事項,1,1,注意事項,M2,1,1,運送方式,A,1,1,停產資訊,Y,1,1,產品分類,BLUE,1,1
1609,simple,1.13741.0100,LACTOPHENOL BLUE SOLUTION FOR STAINING F,1,0,visible,LACTOPHENOL BLUE SOLUTION FOR STAINING F,黴菌 染色液 乳酚藍液染色試劑,,,taxable,,1,,,0,0,,,,,1,,,1400,BLUE,,,,,,,,,,,,0,產品編號,1.13741.0100,1,1,英文名稱,LACTOPHENOL BLUE SOLUTION FOR STAINING F,1,1,中文名稱,黴菌 染色液 乳酚藍液染色試劑,1,1,CAS Number,-,1,1,產品線,649,1,1,法規需求,醫療器材_需先查詢默克是否有證,1,1,注意事項,-,1,1,運送方式,P,1,1,停產資訊,-,1,1,產品分類,BLUE,1,1
1610,simple,PT-10P.1566,Portable meter iNCl.9V BatterypH Measure,1,0,visible,Portable meter iNCl.9V BatterypH Measure,"攜帶型,酸鹼值分析儀",,,taxable,,1,,,0,0,,,,,1,,,30700,BLUE,,,,,,,,,,,,0,產品編號,PT-10P.1566,1,1,英文名稱,Portable meter iNCl.9V BatterypH Measure,1,1,中文名稱,"攜帶型,酸鹼值分析儀",1,1,CAS Number,-,1,1,產品線,781,1,1,法規需求,可拋棄容器_請洽詢默克窗口,1,1,注意事項,M2,1,1,運送方式,A,1,1,停產資訊,Y,1,1,產品分類,BLUE,1,1
1611,simple,1.15938.1000,HEMATOXYLIN MONOHYDRATE (C.I.75290) FOR,1,0,visible,HEMATOXYLIN MONOHYDRATE (C.I.75290) FOR,蘇木精,,,taxable,,1,,,0,0,,,,,1,,,239500,BLUE,,,,,,,,,,,,0,產品編號,1.15938.1000,1,1,英文名稱,HEMATOXYLIN MONOHYDRATE (C.I.75290) FOR,1,1,中文名稱,蘇木精,1,1,CAS Number,-,1,1,產品線,649,1,1,法規需求,醫療器材_需先查詢默克是否有證,1,1,注意事項,-,1,1,運送方式,P,1,1,停產資訊,-,1,1,產品分類,BLUE,1,1
1612,simple,1.04302.0025,HEMATOXYLIN (C.I. 75290) CRYST.,1,0,visible,HEMATOXYLIN (C.I. 75290) CRYST.,蘇木紫色素結晶*不得用於食品需申請食品免驗登記,,,taxable,,1,,,0,0,,,,,1,,,8000,BLUE,,,,,,,,,,,,0,產品編號,1.04302.0025,1,1,英文名稱,HEMATOXYLIN (C.I. 75290) CRYST.,1,1,中文名稱,蘇木紫色素結晶*不得用於食品需申請食品免驗登記,1,1,CAS Number,517-28-2,1,1,產品線,649,1,1,法規需求,醫療器材_需先查詢默克是否有證,1,1,注意事項,-,1,1,運送方式,P,1,1,停產資訊,-,1,1,產品分類,BLUE,1,1
1613,simple,322327-500UGCN,"Diphtheria Toxin, CRM Mutant 1PC X 500UG",1,0,visible,"Diphtheria Toxin, CRM Mutant 1PC X 500UG",類白喉毒素(突變株),,,taxable,,1,,,0,0,,,,,1,,,30300,BLUE,,,,,,,,,,,,0,產品編號,322327-500UGCN,1,1,英文名稱,"Diphtheria Toxin, CRM Mutant 1PC X 500UG",1,1,中文名稱,類白喉毒素(突變株),1,1,CAS Number,-,1,1,產品線,698,1,1,法規需求,石油相關產品_但請再確認注意事項,1,1,注意事項,M2,1,1,運送方式,P,1,1,停產資訊,Y,1,1,產品分類,BLUE,1,1
1614,simple,5711-100GMCN,"Streptomycin SulFAte, Strept 1PC X 100GM",1,0,visible,"Streptomycin SulFAte, Strept 1PC X 100GM",鏈黴素+20C,,,taxable,,1,,,0,0,,,,,1,,,3900,BLUE,,,,,,,,,,,,0,產品編號,5711-100GMCN,1,1,英文名稱,"Streptomycin SulFAte, Strept 1PC X 100GM",1,1,中文名稱,鏈黴素+20C,1,1,CAS Number,3810-74-0,1,1,產品線,760,1,1,法規需求,無管制_但請再確認注意事項,1,1,注意事項,-,1,1,運送方式,A,1,1,停產資訊,-,1,1,產品分類,BLUE,1,1
1615,simple,C11730000EH,Coumaphos 0.1 g,1,0,visible,Coumaphos 0.1 g,蠅毒磷,,,taxable,,1,,,0,0,,,,,1,,,2700,BLUE,,,,,,,,,,,,0,產品編號,C11730000EH,1,1,英文名稱,Coumaphos 0.1 g,1,1,中文名稱,蠅毒磷,1,1,CAS Number,-,1,1,產品線,823,1,1,法規需求,無管制_但請再確認注意事項,1,1,注意事項,-,1,1,運送方式,A,1,1,停產資訊,-,1,1,產品分類,BLUE,1,1
1616,simple,PE1206-1.2ML,Ethylene Oxide PT,1,0,visible,Ethylene Oxide PT,環氧乙烷盲樣標準品,,,taxable,,1,,,0,0,,,,,1,,,3500,RED,,,,,,,,,,,,0,產品編號,PE1206-1.2ML,1,1,英文名稱,Ethylene Oxide PT,1,1,中文名稱,環氧乙烷盲樣標準品,1,1,CAS Number,-,1,1,產品線,533,1,1,法規需求,其他管制品項_請洽詢默克窗口,1,1,注意事項,-,1,1,運送方式,A,1,1,停產資訊,-,1,1,產品分類,RED,1,1
1617,simple,1154514.157,Cyclobenzaprine Related Compound A,1,0,visible,Cyclobenzaprine Related Compound A,環苯紮林不純物A,,,taxable,,1,,,0,0,,,,,1,,,37200,BLUE,,,,,,,,,,,,0,產品編號,1154514.157,1,1,英文名稱,Cyclobenzaprine Related Compound A,1,1,中文名稱,環苯紮林不純物A,1,1,CAS Number,-,1,1,產品線,781,1,1,法規需求,新化學物質_需透過默克申請新化證,1,1,注意事項,M2,1,1,運送方式,A,1,1,停產資訊,Y,1,1,產品分類,BLUE,1,1
1618,simple,116815-10UMOLCN,"Adenosine 3′,5′-cyclic Monop 1PC X 10U",1,0,visible,"Adenosine 3′,5′-cyclic Monop 1PC X 10U",環狀單磷酸腺甘酸(-20C),,,taxable,,1,,,0,0,,,,,1,,,16000,BLUE,,,,,,,,,,,,0,產品編號,116815-10UMOLCN,1,1,英文名稱,"Adenosine 3′,5′-cyclic Monop 1PC X 10U",1,1,中文名稱,環狀單磷酸腺甘酸(-20C),1,1,CAS Number,71774-13-5,1,1,產品線,698,1,1,法規需求,新化學物質_需透過默克申請新化證,1,1,注意事項,-,1,1,運送方式,A,1,1,停產資訊,-,1,1,產品分類,BLUE,1,1
1619,simple,420107-50UGCN,"Jasplakinolide, Jaspis johns 1PC X 50UG",1,0,visible,"Jasplakinolide, Jaspis johns 1PC X 50UG",環狀胜太  -20C,,,taxable,,1,,,0,0,,,,,1,,,10100,BLUE,,,,,,,,,,,,0,產品編號,420107-50UGCN,1,1,英文名稱,"Jasplakinolide, Jaspis johns 1PC X 50UG",1,1,中文名稱,環狀胜太--20C,1,1,CAS Number,102396-24-7,1,1,產品線,698,1,1,法規需求,新化學物質_需透過默克申請新化證,1,1,注意事項,-,1,1,運送方式,A,1,1,停產資訊,-,1,1,產品分類,BLUE,1,1
1620,simple,C987722.1566,Cyclamic Acid-d11,1,0,visible,Cyclamic Acid-d11,環拉酸-d11 TRC標準品,,,taxable,,1,,,0,0,,,,,1,,,7300,BLUE,,,,,,,,,,,,0,產品編號,C987722.1566,1,1,英文名稱,Cyclamic Acid-d11,1,1,中文名稱,環拉酸-d11 TRC標準品,1,1,CAS Number,-,1,1,產品線,823,1,1,法規需求,無管制_但請再確認注意事項,1,1,注意事項,-,1,1,運送方式,A,1,1,停產資訊,-,1,1,產品分類,BLUE,1,1
1621,simple,1.00042.9025,ACETIC ANHYDRIDE FOR ANALYSIS EMSURE,1,0,visible,ACETIC ANHYDRIDE FOR ANALYSIS EMSURE,醋酸酐Emsure#等級,,,taxable,,1,,,0,0,,,,,1,,,26400,BLUE,,,,,,,,,,,,0,產品編號,1.00042.9025,1,1,英文名稱,ACETIC ANHYDRIDE FOR ANALYSIS EMSURE,1,1,中文名稱,醋酸酐Emsure#等級,1,1,CAS Number,108-24-7,1,1,產品線,702,1,1,法規需求,先驅化學品甲類_終端客戶需申報,1,1,注意事項,-,1,1,運送方式,S,1,1,停產資訊,-,1,1,產品分類,BLUE,1,1
1622,simple,1.00042.1000,ACETIC ANHYDRIDE FOR ANALYSIS EMSURE,1,0,visible,ACETIC ANHYDRIDE FOR ANALYSIS EMSURE,醋酸酐Emsure#等級,,,taxable,,1,,,0,0,,,,,1,,,3700,BLUE,,,,,,,,,,,,0,產品編號,1.00042.1000,1,1,英文名稱,ACETIC ANHYDRIDE FOR ANALYSIS EMSURE,1,1,中文名稱,醋酸酐Emsure#等級,1,1,CAS Number,108-24-7,1,1,產品線,702,1,1,法規需求,先驅化學品甲類_終端客戶需申報,1,1,注意事項,-,1,1,運送方式,S,1,1,停產資訊,-,1,1,產品分類,BLUE,1,1
1623,simple,1.00042.2500,ACETIC ANHYDRIDE FOR ANALYSIS EMSURE,1,0,visible,ACETIC ANHYDRIDE FOR ANALYSIS EMSURE,醋酸酐Emsure#等級,,,taxable,,1,,,0,0,,,,,1,,,7100,BLUE,,,,,,,,,,,,0,產品編號,1.00042.2500,1,1,英文名稱,ACETIC ANHYDRIDE FOR ANALYSIS EMSURE,1,1,中文名稱,醋酸酐Emsure#等級,1,1,CAS Number,108-24-7,1,1,產品線,702,1,1,法規需求,先驅化學品甲類_終端客戶需申報,1,1,注意事項,-,1,1,運送方式,S,1,1,停產資訊,-,1,1,產品分類,BLUE,1,1
1624,simple,1.00041.1000,ACETIC ANHYDRIDE EXTRA PURE 1 L,1,0,visible,ACETIC ANHYDRIDE EXTRA PURE 1 L,"醋酸酐,請改定1.00042.1000",,,taxable,,1,,,0,0,,,,,1,,,0,BLUE,,,,,,,,,,,,0,產品編號,1.00041.1000,1,1,英文名稱,ACETIC ANHYDRIDE EXTRA PURE 1 L,1,1,中文名稱,"醋酸酐,請改定1.00042.1000",1,1,CAS Number,108-24-7,1,1,產品線,702,1,1,法規需求,先驅化學品甲類_終端客戶需申報,1,1,注意事項,M2,1,1,運送方式,P,1,1,停產資訊,Y,1,1,產品分類,BLUE,1,1
1625,simple,8.22278.9025,ACETIC ANHYDRIDE FOR SYNTHESIS,1,0,visible,ACETIC ANHYDRIDE FOR SYNTHESIS,醋酸酐,,,taxable,,1,,,0,0,,,,,1,,,18200,BLUE,,,,,,,,,,,,0,產品編號,8.22278.9025,1,1,英文名稱,ACETIC ANHYDRIDE FOR SYNTHESIS,1,1,中文名稱,醋酸酐,1,1,CAS Number,108-24-7,1,1,產品線,650,1,1,法規需求,先驅化學品甲類_終端客戶需申報,1,1,注意事項,-,1,1,運送方式,S,1,1,停產資訊,-,1,1,產品分類,BLUE,1,1
1626,simple,Y0000007.1566,Polysorbate 80 - refereNCe spectrum,1,0,visible,Polysorbate 80 - refereNCe spectrum,聚山梨醇酯80參考圖譜,,,taxable,,1,,,0,0,,,,,1,,,9200,BLUE,,,,,,,,,,,,0,產品編號,Y0000007.1566,1,1,英文名稱,Polysorbate 80 - refereNCe spectrum,1,1,中文名稱,聚山梨醇酯80參考圖譜,1,1,CAS Number,-,1,1,產品線,823,1,1,法規需求,待審核_請洽詢默克窗口,1,1,注意事項,-,1,1,運送方式,A,1,1,停產資訊,-,1,1,產品分類,BLUE,1,1
1627,simple,1547947.157,Polysorbate 60,1,0,visible,Polysorbate 60,聚山梨醇酯60,,,taxable,,1,,,0,0,,,,,1,,,12700,BLUE,,,,,,,,,,,,0,產品編號,1547947.157,1,1,英文名稱,Polysorbate 60,1,1,中文名稱,聚山梨醇酯60,1,1,CAS Number,-,1,1,產品線,823,1,1,法規需求,無管制_但請再確認注意事項,1,1,注意事項,M2,1,1,運送方式,A,1,1,停產資訊,Y,1,1,產品分類,BLUE,1,1
1628,simple,C14930000EH,Metaldehyde 0.25 g,1,0,visible,Metaldehyde 0.25 g,聚乙醛,,,taxable,,1,,,0,0,,,,,1,,,2000,BLUE,,,,,,,,,,,,0,產品編號,C14930000EH,1,1,英文名稱,Metaldehyde 0.25 g,1,1,中文名稱,聚乙醛,1,1,CAS Number,-,1,1,產品線,823,1,1,法規需求,無管制_但請再確認注意事項,1,1,注意事項,-,1,1,運送方式,A,1,1,停產資訊,-,1,1,產品分類,BLUE,1,1
1629,simple,548065.1566,Polyvinyl Alcohol,1,0,visible,Polyvinyl Alcohol,聚乙烯醇標準品,,,taxable,,1,,,0,0,,,,,1,,,10600,BLUE,,,,,,,,,,,,0,產品編號,548065.1566,1,1,英文名稱,Polyvinyl Alcohol,1,1,中文名稱,聚乙烯醇標準品,1,1,CAS Number,-,1,1,產品線,781,1,1,法規需求,無管制_但請再確認注意事項,1,1,注意事項,M2,1,1,運送方式,A,1,1,停產資訊,Y,1,1,產品分類,BLUE,1,1
1630,simple,P2660000.1566,Povidone,1,0,visible,Povidone,聚乙烯酮碘標準品,,,taxable,,1,,,0,0,,,,,1,,,8000,BLUE,,,,,,,,,,,,0,產品編號,P2660000.1566,1,1,英文名稱,Povidone,1,1,中文名稱,聚乙烯酮碘標準品,1,1,CAS Number,9003-39-8,1,1,產品線,781,1,1,法規需求,無管制_但請再確認注意事項,1,1,注意事項,-,1,1,運送方式,A,1,1,停產資訊,-,1,1,產品分類,BLUE,1,1
1631,simple,372333.1566,Polyallylamine Hydrochloride (200 mg),1,0,visible,Polyallylamine Hydrochloride (200 mg),聚(丙烯胺鹽酸鹽) USP標準品,,,taxable,,1,,,0,0,,,,,1,,,34200,BLUE,,,,,,,,,,,,0,產品編號,372333.1566,1,1,英文名稱,Polyallylamine Hydrochloride (200 mg),1,1,中文名稱,聚(丙烯胺鹽酸鹽) USP標準品,1,1,CAS Number,-,1,1,產品線,531,1,1,法規需求,無管制_但請再確認注意事項,1,1,注意事項,M2,1,1,運送方式,A,1,1,停產資訊,Y,1,1,產品分類,BLUE,1,1
1632,simple,0110-7250,"ASSY, BOTTLE, WASTE",1,0,visible,"ASSY, BOTTLE, WASTE",維修零件,,,taxable,,1,,,0,0,,,,,1,,,4900,BLUE,,,,,,,,,,,,0,產品編號,0110-7250,1,1,英文名稱,"ASSY, BOTTLE, WASTE",1,1,中文名稱,維修零件,1,1,CAS Number,-,1,1,產品線,784,1,1,法規需求,可拋棄容器_請洽詢默克窗口,1,1,注意事項,M2,1,1,運送方式,P,1,1,停產資訊,Y,1,1,產品分類,BLUE,1,1
1633,simple,UC0E01,UCOE# Single ExPREssion Puromycin Vector,1,0,visible,UCOE# Single ExPREssion Puromycin Vector,載體,,,taxable,,1,,,0,0,,,,,1,,,49700,BLUE,,,,,,,,,,,,0,產品編號,UC0E01,1,1,英文名稱,UCOE# Single ExPREssion Puromycin Vector,1,1,中文名稱,載體,1,1,CAS Number,-,1,1,產品線,710,1,1,法規需求,無管制_但請再確認注意事項,1,1,注意事項,-,1,1,運送方式,P,1,1,停產資訊,-,1,1,產品分類,BLUE,1,1
1634,simple,346299-100GMCN,"D(+)Glucosamine, Hydrochlori 1PC X 100GM",1,0,visible,"D(+)Glucosamine, Hydrochlori 1PC X 100GM",葡萄糖胺SHELF (+20 C),,,taxable,,1,,,0,0,,,,,1,,,2800,BLUE,,,,,,,,,,,,0,產品編號,346299-100GMCN,1,1,英文名稱,"D(+)Glucosamine, Hydrochlori 1PC X 100GM",1,1,中文名稱,葡萄糖胺SHELF (+20 C),1,1,CAS Number,66-84-2,1,1,產品線,777,1,1,法規需求,無管制_但請再確認注意事項,1,1,注意事項,-,1,1,運送方式,A,1,1,停產資訊,-,1,1,產品分類,BLUE,1,1
1635,simple,8.41105.0005,TETRAPHENYLPHOSPHONIUM IODIDE FOR SYNTHE,1,0,visible,TETRAPHENYLPHOSPHONIUM IODIDE FOR SYNTHE,碘化四苯基鏻,,,taxable,,1,,,0,0,,,,,1,,,3300,BLUE,,,,,,,,,,,,0,產品編號,8.41105.0005,1,1,英文名稱,TETRAPHENYLPHOSPHONIUM IODIDE FOR SYNTHE,1,1,中文名稱,碘化四苯基鏻,1,1,CAS Number,2065-67-0,1,1,產品線,650,1,1,法規需求,無管制_但請再確認注意事項,1,1,注意事項,-,1,1,運送方式,P,1,1,停產資訊,-,1,1,產品分類,BLUE,1,1
1636,simple,8.41264.0050,TRIISOPROPYL BORATE FOR SYNTHESIS,1,0,visible,TRIISOPROPYL BORATE FOR SYNTHESIS,硼酸三異丙酯,,,taxable,,1,,,0,0,,,,,1,,,1700,BLUE,,,,,,,,,,,,0,產品編號,8.41264.0050,1,1,英文名稱,TRIISOPROPYL BORATE FOR SYNTHESIS,1,1,中文名稱,硼酸三異丙酯,1,1,CAS Number,5419-55-6,1,1,產品線,650,1,1,法規需求,無管制_但請再確認注意事項,1,1,注意事項,-,1,1,運送方式,P,1,1,停產資訊,-,1,1,產品分類,BLUE,1,1
1637,simple,1.01781.1000,PETROLEUM BENZINE 100-120°C EMSURE#,1,0,visible,PETROLEUM BENZINE 100-120°C EMSURE#,石油醚沸點 100-120°C,,,taxable,,1,,,0,0,,,,,1,,,2500,BLUE,,,,,,,,,,,,0,產品編號,1.01781.1000,1,1,英文名稱,PETROLEUM BENZINE 100-120°C EMSURE#,1,1,中文名稱,石油醚沸點 100-120°C,1,1,CAS Number,64742-49-0,1,1,產品線,736,1,1,法規需求,石油相關產品_但請再確認注意事項,1,1,注意事項,-,1,1,運送方式,S,1,1,停產資訊,-,1,1,產品分類,BLUE,1,1
1638,simple,387490025AC.1566,"PETROLEUM ETHER, BOILING RANGE 180-280°",1,0,visible,"PETROLEUM ETHER, BOILING RANGE 180-280°","石油醚, BOILING RANGE 180-280°C",,,taxable,,1,,,0,0,,,,,1,,,3800,BLUE,,,,,,,,,,,,0,產品編號,387490025AC.1566,1,1,英文名稱,"PETROLEUM ETHER, BOILING RANGE 180-280°",1,1,中文名稱,"石油醚, BOILING RANGE 180-280°C",1,1,CAS Number,-,1,1,產品線,823,1,1,法規需求,石油相關產品_但請再確認注意事項,1,1,注意事項,M2,1,1,運送方式,A,1,1,停產資訊,Y,1,1,產品分類,BLUE,1,1
1639,simple,1.00910.5000,PETROLEUM BENZINE 50-70°C EMPLURA#,1,0,visible,PETROLEUM BENZINE 50-70°C EMPLURA#,石油醚 沸點 50-70°C,,,taxable,,1,,,0,0,,,,,1,,,8500,BLUE,,,,,,,,,,,,0,產品編號,1.00910.5000,1,1,英文名稱,PETROLEUM BENZINE 50-70°C EMPLURA#,1,1,中文名稱,石油醚 沸點 50-70°C,1,1,CAS Number,-,1,1,產品線,736,1,1,法規需求,石油相關產品_但請再確認注意事項,1,1,注意事項,-,1,1,運送方式,S,1,1,停產資訊,Y,1,1,產品分類,BLUE,1,1
1640,simple,95-0100-00,SMCxPRO System,1,0,visible,SMCxPRO System,SMCxPRO# System 儀器,,,taxable,,1,,,0,0,,,,,1,,,3047000,BLUE,,,,,,,,,,,,0,產品編號,95-0100-00,1,1,英文名稱,SMCxPRO System,1,1,中文名稱,SMCxPRO# System 儀器,1,1,CAS Number,-,1,1,產品線,766,1,1,法規需求,管制射頻(無線/藍芽)器材_需先查詢默克是否有證,1,1,注意事項,-,1,1,運送方式,-,1,1,停產資訊,-,1,1,產品分類,BLUE,1,1
1641,simple,565725-5MGCN,SecinH3 1PC X 5MG,1,0,visible,SecinH3 1PC X 5MG,SecinH3試劑    (CAS:853625-60-2)   +4℃,,,taxable,,1,,,0,0,,,,,1,,,11000,BLUE,,,,,,,,,,,,0,產品編號,565725-5MGCN,1,1,英文名稱,SecinH3 1PC X 5MG,1,1,中文名稱,SecinH3試劑--(CAS:853625-60-2)- +4℃,1,1,CAS Number,853625-60-2,1,1,產品線,760,1,1,法規需求,無管制_但請再確認注意事項,1,1,注意事項,-,1,1,運送方式,A,1,1,停產資訊,-,1,1,產品分類,BLUE,1,1
1642,simple,GF128,"SDF-1 ALPHA, MS, RECOMB-10UG",1,0,visible,"SDF-1 ALPHA, MS, RECOMB-10UG","SDF-1 ALPHA, MS, RECOMB-10UG",,,taxable,,1,,,0,0,,,,,1,,,13900,BLUE,,,,,,,,,,,,0,產品編號,GF128,1,1,英文名稱,"SDF-1 ALPHA, MS, RECOMB-10UG",1,1,中文名稱,"SDF-1 ALPHA, MS, RECOMB-10UG",1,1,CAS Number,-,1,1,產品線,694,1,1,法規需求,無管制_但請再確認注意事項,1,1,注意事項,-,1,1,運送方式,A,1,1,停產資訊,-,1,1,產品分類,BLUE,1,1
1643,simple,PHCCP0WER,Scepter Universal Power Adapter,1,0,visible,Scepter Universal Power Adapter,Scepter Universal Power Adapter,,,taxable,,1,,,0,0,,,,,1,,,2100,BLUE,,,,,,,,,,,,0,產品編號,PHCCP0WER,1,1,英文名稱,Scepter Universal Power Adapter,1,1,中文名稱,Scepter Universal Power Adapter,1,1,CAS Number,-,1,1,產品線,689,1,1,法規需求,無管制_但請再確認注意事項,1,1,注意事項,-,1,1,運送方式,A,1,1,停產資訊,-,1,1,產品分類,BLUE,1,1
1644,simple,PHCC3BEADS,Scepter 3.0 Test Bead Vial,1,0,visible,Scepter 3.0 Test Bead Vial,Scepter 3.0 Test Bead Vial,,,taxable,,1,,,0,0,,,,,1,,,6300,BLUE,,,,,,,,,,,,0,產品編號,PHCC3BEADS,1,1,英文名稱,Scepter 3.0 Test Bead Vial,1,1,中文名稱,Scepter 3.0 Test Bead Vial,1,1,CAS Number,-,1,1,產品線,689,1,1,法規需求,無管制_但請再確認注意事項,1,1,注意事項,-,1,1,運送方式,P,1,1,停產資訊,-,1,1,產品分類,BLUE,1,1
1645,simple,PHCC30000,Scepter 3.0 Handheld Cell Counter,1,0,visible,Scepter 3.0 Handheld Cell Counter,Scepter 3.0 Handheld Cell Counter,,,taxable,,1,,,0,0,,,,,1,,,147800,BLUE,,,,,,,,,,,,0,產品編號,PHCC30000,1,1,英文名稱,Scepter 3.0 Handheld Cell Counter,1,1,中文名稱,Scepter 3.0 Handheld Cell Counter,1,1,CAS Number,-,1,1,產品線,689,1,1,法規需求,管制射頻(無線/藍芽)器材_需先查詢默克是否有證,1,1,注意事項,-,1,1,運送方式,P,1,1,停產資訊,-,1,1,產品分類,BLUE,1,1
1646,simple,32299-4X5L,PETROLEUM BENZINE BOILING RANGE 40-60 DE,1,0,visible,PETROLEUM BENZINE BOILING RANGE 40-60 DE,PETROLEUM BENZINE BOILING RANGE 40-60 DE,,,taxable,,1,,,0,0,,,,,1,,,38000,RED,,,,,,,,,,,,0,產品編號,32299-4X5L,1,1,英文名稱,PETROLEUM BENZINE BOILING RANGE 40-60 DE,1,1,中文名稱,PETROLEUM BENZINE BOILING RANGE 40-60 DE,1,1,CAS Number,-,1,1,產品線,480,1,1,法規需求,石油相關產品_但請再確認注意事項,1,1,注意事項,M2,1,1,運送方式,A,1,1,停產資訊,Y,1,1,產品分類,RED,1,1
1647,simple,32299-5L,PETROLEUM BENZINE BOILING RANGE 40-60 DE,1,0,visible,PETROLEUM BENZINE BOILING RANGE 40-60 DE,PETROLEUM BENZINE BOILING RANGE 40-60 DE,,,taxable,,1,,,0,0,,,,,1,,,12000,RED,,,,,,,,,,,,0,產品編號,32299-5L,1,1,英文名稱,PETROLEUM BENZINE BOILING RANGE 40-60 DE,1,1,中文名稱,PETROLEUM BENZINE BOILING RANGE 40-60 DE,1,1,CAS Number,-,1,1,產品線,480,1,1,法規需求,石油相關產品_但請再確認注意事項,1,1,注意事項,M2,1,1,運送方式,A,1,1,停產資訊,Y,1,1,產品分類,RED,1,1
1648,simple,32299-1L,PETROLEUM BENZINE BOILING RANGE 40-60 DE,1,0,visible,PETROLEUM BENZINE BOILING RANGE 40-60 DE,PETROLEUM BENZINE BOILING RANGE 40-60 DE,,,taxable,,1,,,0,0,,,,,1,,,4100,RED,,,,,,,,,,,,0,產品編號,32299-1L,1,1,英文名稱,PETROLEUM BENZINE BOILING RANGE 40-60 DE,1,1,中文名稱,PETROLEUM BENZINE BOILING RANGE 40-60 DE,1,1,CAS Number,-,1,1,產品線,480,1,1,法規需求,石油相關產品_但請再確認注意事項,1,1,注意事項,-,1,1,運送方式,A,1,1,停產資訊,-,1,1,產品分類,RED,1,1
1649,simple,156610002567APLA,Calbiochem CD,1,0,visible,Calbiochem CD,Calbiochem CD,,,taxable,,1,,,0,0,,,,,1,,,0,BLUE,,,,,,,,,,,,0,產品編號,156610002567APLA,1,1,英文名稱,Calbiochem CD,1,1,中文名稱,Calbiochem CD,1,1,CAS Number,-,1,1,產品線,781,1,1,法規需求,CD_但請再確認注意事項,1,1,注意事項,-,1,1,運送方式,A,1,1,停產資訊,-,1,1,產品分類,BLUE,1,1
1650,simple,S1-K,"SERUM, HU, NORMAL-OFF CLOT",1,0,visible,"SERUM, HU, NORMAL-OFF CLOT","SERUM, HU, NORMAL-OFF CLOT",,,taxable,,1,,,0,0,,,,,1,,,0,BLUE,,,,,,,,,,,,0,產品編號,S1-K,1,1,英文名稱,"SERUM, HU, NORMAL-OFF CLOT",1,1,中文名稱,"SERUM, HU, NORMAL-OFF CLOT",1,1,CAS Number,-,1,1,產品線,696,1,1,法規需求,無管制_但請再確認注意事項,1,1,注意事項,-,1,1,運送方式,A,1,1,停產資訊,-,1,1,產品分類,BLUE,1,1
1651,simple,S16-K,"SERUM, CAN-LT",1,0,visible,"SERUM, CAN-LT","SERUM, CAN-LT",,,taxable,,1,,,0,0,,,,,1,,,0,BLUE,,,,,,,,,,,,0,產品編號,S16-K,1,1,英文名稱,"SERUM, CAN-LT",1,1,中文名稱,"SERUM, CAN-LT",1,1,CAS Number,-,1,1,產品線,696,1,1,法規需求,無管制_但請再確認注意事項,1,1,注意事項,M2,1,1,運送方式,A,1,1,停產資訊,Y,1,1,產品分類,BLUE,1,1
1652,simple,14008C-500ML,SERUM PLUS 500ML,1,0,visible,SERUM PLUS 500ML,SERUM PLUS 500ML,,,taxable,,1,,,0,0,,,,,1,,,12800,RED,,,,,,,,,,,,0,產品編號,14008C-500ML,1,1,英文名稱,SERUM PLUS 500ML,1,1,中文名稱,SERUM PLUS 500ML,1,1,CAS Number,-,1,1,產品線,769,1,1,法規需求,無管制_但請再確認注意事項,1,1,注意事項,99,1,1,運送方式,A,1,1,停產資訊,-,1,1,產品分類,RED,1,1
1653,simple,PP54L-K,"Serum Mouse,Normal Lyophilized    Mg",1,0,visible,"Serum Mouse,Normal Lyophilized    Mg","SERUM MOUSE,NORMAL LYOPHILIZED    MG",,,taxable,,1,,,0,0,,,,,1,,,0,BLUE,,,,,,,,,,,,0,產品編號,PP54L-K,1,1,英文名稱,"Serum Mouse,Normal Lyophilized--Mg",1,1,中文名稱,"SERUM MOUSE,NORMAL LYOPHILIZED--MG",1,1,CAS Number,-,1,1,產品線,696,1,1,法規需求,無管制_但請再確認注意事項,1,1,注意事項,M2,1,1,運送方式,A,1,1,停產資訊,Y,1,1,產品分類,BLUE,1,1
1654,simple,IAK0113-1KT,"PHAGOCYTOSIS ASSAY KIT (RED, E. COLI)",1,0,visible,"PHAGOCYTOSIS ASSAY KIT (RED, E. COLI)","PHAGOCYTOSIS ASSAY KIT (RED, E. COLI)",,,taxable,,1,,,0,0,,,,,1,,,14000,RED,,,,,,,,,,,,0,產品編號,IAK0113-1KT,1,1,英文名稱,"PHAGOCYTOSIS ASSAY KIT (RED, E. COLI)",1,1,中文名稱,"PHAGOCYTOSIS ASSAY KIT (RED, E. COLI)",1,1,CAS Number,-,1,1,產品線,768,1,1,法規需求,石油相關產品_但請再確認注意事項新化學物質_需透過默克申請新化證,1,1,注意事項,-,1,1,運送方式,A,1,1,停產資訊,-,1,1,產品分類,RED,1,1
1655,simple,RS1-0041.1566,Pyridoxine HCl,1,0,visible,Pyridoxine HCl,維生素B6標準品(須申請自辦原料才能進口),,,taxable,,1,,,0,0,,,,,1,,,9800,BLUE,,,,,,,,,,,,0,產品編號,RS1-0041.1566,1,1,英文名稱,Pyridoxine HCl,1,1,中文名稱,維生素B6標準品(須申請自辦原料才能進口),1,1,CAS Number,-,1,1,產品線,823,1,1,法規需求,原料藥_需先查詢默克是否有證A,1,1,注意事項,M2,1,1,運送方式,A,1,1,停產資訊,Y,1,1,產品分類,BLUE,1,1
1656,simple,1.01187.5000,Ammonium nitrate EMPLURA# 5 KG,1,0,visible,Ammonium nitrate EMPLURA# 5 KG,硝酸銨,,,taxable,,1,,,0,0,,,,,1,,,16100,BLUE,,,,,,,,,,,,0,產品編號,1.01187.5000,1,1,英文名稱,Ammonium nitrate EMPLURA# 5 KG,1,1,中文名稱,硝酸銨,1,1,CAS Number,6484-52-2,1,1,產品線,702,1,1,法規需求,具有危害性的關注化學物質_客戶需要申請核可文件,1,1,注意事項,-,1,1,運送方式,C,1,1,停產資訊,-,1,1,產品分類,BLUE,1,1
1657,simple,1.01187.9050,Ammonium nitrate EMPLURA# 50 KG,1,0,visible,Ammonium nitrate EMPLURA# 50 KG,硝酸銨,,,taxable,,1,,,0,0,,,,,1,,,0,BLUE,,,,,,,,,,,,0,產品編號,1.01187.9050,1,1,英文名稱,Ammonium nitrate EMPLURA# 50 KG,1,1,中文名稱,硝酸銨,1,1,CAS Number,6484-52-2,1,1,產品線,702,1,1,法規需求,具有危害性的關注化學物質_客戶需要申請核可文件,1,1,注意事項,M2,1,1,運送方式,S,1,1,停產資訊,Y,1,1,產品分類,BLUE,1,1
1658,simple,30107-1L,"HYDROFLUORIC ACID, PURISS. P.A.- ACS RE",1,0,visible,"HYDROFLUORIC ACID, PURISS. P.A.- ACS RE","HYDROFLUORIC ACID, PURISS. P.A.; ACS RE&",,,taxable,,1,,,0,0,,,,,1,,,6700,RED,,,,,,,,,,,,0,產品編號,30107-1L,1,1,英文名稱,"HYDROFLUORIC ACID, PURISS. P.A.- ACS RE",1,1,中文名稱,"HYDROFLUORIC ACID, PURISS. P.A.; ACS RE&",1,1,CAS Number,7664-39-3,1,1,產品線,778,1,1,法規需求,具有危害性的關注化學物質_客戶需要申請核可文件,1,1,注意事項,-,1,1,運送方式,A,1,1,停產資訊,-,1,1,產品分類,RED,1,1
1659,simple,30107-500ML,"HYDROFLUORIC ACID, PURISS. P.A.- ACS RE",1,0,visible,"HYDROFLUORIC ACID, PURISS. P.A.- ACS RE","HYDROFLUORIC ACID, PURISS. P.A.; ACS RE&",,,taxable,,1,,,0,0,,,,,1,,,3700,RED,,,,,,,,,,,,0,產品編號,30107-500ML,1,1,英文名稱,"HYDROFLUORIC ACID, PURISS. P.A.- ACS RE",1,1,中文名稱,"HYDROFLUORIC ACID, PURISS. P.A.; ACS RE&",1,1,CAS Number,7664-39-3,1,1,產品線,778,1,1,法規需求,具有危害性的關注化學物質_客戶需要申請核可文件,1,1,注意事項,-,1,1,運送方式,A,1,1,停產資訊,-,1,1,產品分類,RED,1,1
1660,simple,PHR1589-500MG,MEDROXYPROGESTERONE ACETATE,1,0,visible,MEDROXYPROGESTERONE ACETATE,GUS: MEDROXYPROGESTERONE ACETATE,,,taxable,,1,,,0,0,,,,,1,,,5000,RED,,,,,,,,,,,,0,產品編號,PHR1589-500MG,1,1,英文名稱,MEDROXYPROGESTERONE ACETATE,1,1,中文名稱,GUS: MEDROXYPROGESTERONE ACETATE,1,1,CAS Number,71-58-9,1,1,產品線,531,1,1,法規需求,原料藥_需先查詢默克是否有證,1,1,注意事項,-,1,1,運送方式,A,1,1,停產資訊,-,1,1,產品分類,RED,1,1
1661,simple,PHR1608-1G,LACTULOSE,1,0,visible,LACTULOSE,GUS: LACTULOSE,,,taxable,,1,,,0,0,,,,,1,,,4400,RED,,,,,,,,,,,,0,產品編號,PHR1608-1G,1,1,英文名稱,LACTULOSE,1,1,中文名稱,GUS: LACTULOSE,1,1,CAS Number,4618-18-2,1,1,產品線,531,1,1,法規需求,原料藥_需先查詢默克是否有證,1,1,注意事項,99,1,1,運送方式,A,1,1,停產資訊,-,1,1,產品分類,RED,1,1
1662,simple,1.20606.0025.1566,CANDURIN BLUE SHIMMER 25 G,1,0,visible,CANDURIN BLUE SHIMMER 25 G,藥品級彩光顏料 BLUE SHIMMER,,,taxable,,1,,,0,0,,,,,1,,,1,BLUE,,,,,,,,,,,,0,產品編號,1.20606.0025.1566,1,1,英文名稱,CANDURIN BLUE SHIMMER 25 G,1,1,中文名稱,藥品級彩光顏料 BLUE SHIMMER,1,1,CAS Number,-,1,1,產品線,112,1,1,法規需求,食品添加物_需先查詢默克是否有證,1,1,注意事項,M2,1,1,運送方式,L,1,1,停產資訊,Y,1,1,產品分類,BLUE,1,1
1663,simple,1.06482.9050.1042,SODIUM HYDROXIDE PELLETS 50 KG,1,0,visible,SODIUM HYDROXIDE PELLETS 50 KG,氫氧化鈉 (鹼性),,,taxable,,1,,,0,0,,,,,1,,,43700,BLUE,,,,,,,,,,,,0,產品編號,1.06482.9050.1042,1,1,英文名稱,SODIUM HYDROXIDE PELLETS 50 KG,1,1,中文名稱,氫氧化鈉 (鹼性),1,1,CAS Number,1310-73-2,1,1,產品線,676,1,1,法規需求,食品添加物_需先查詢默克是否有證,1,1,注意事項,M2,1,1,運送方式,S,1,1,停產資訊,Y,1,1,產品分類,BLUE,1,1
1664,simple,1.20600.9015,CANDURIN SILVER FINE 15 KG,1,0,visible,CANDURIN SILVER FINE 15 KG,Candurin# Silver Fine,,,taxable,,1,,,0,0,,,,,1,,,34845,BLUE,,,,,,,,,,,,0,產品編號,1.20600.9015,1,1,英文名稱,CANDURIN SILVER FINE 15 KG,1,1,中文名稱,Candurin# Silver Fine,1,1,CAS Number,-,1,1,產品線,112,1,1,法規需求,食品添加物_需先查詢默克是否有證,1,1,注意事項,-,1,1,運送方式,P,1,1,停產資訊,-,1,1,產品分類,BLUE,1,1
1665,simple,1.09843.5000,NEO-CLEAR (XYLENE SUBSTITUTE),1,0,visible,NEO-CLEAR (XYLENE SUBSTITUTE),二甲苯替代劑 (不含Xylene 二甲苯),,,taxable,,1,,,0,0,,,,,1,,,5700,BLUE,,,,,,,,,,,,0,產品編號,1.09843.5000,1,1,英文名稱,NEO-CLEAR (XYLENE SUBSTITUTE),1,1,中文名稱,二甲苯替代劑 (不含Xylene 二甲苯),1,1,CAS Number,64741-65-7,1,1,產品線,649,1,1,法規需求,醫療器材_需先查詢默克是否有證AB,1,1,注意事項,-,1,1,運送方式,P,1,1,停產資訊,-,1,1,產品分類,BLUE,1,1
1666,simple,254991-100ML,"TRICHLOROFLUOROMETHANE, >=99.5%",1,0,visible,"TRICHLOROFLUOROMETHANE, >=99.5%","TRICHLOROFLUOROMETHANE, >=99.5%",,,taxable,,1,,,0,0,,,,,1,,,4200,RED,,,,,,,,,,,,0,產品編號,254991-100ML,1,1,英文名稱,"TRICHLOROFLUOROMETHANE, >=99.5%",1,1,中文名稱,"TRICHLOROFLUOROMETHANE, >=99.5%",1,1,CAS Number,75-69-4,1,1,產品線,774,1,1,法規需求,其他管制品項_請洽詢默克窗口T,1,1,注意事項,-,1,1,運送方式,A,1,1,停產資訊,-,1,1,產品分類,RED,1,1
1667,simple,W346918-1KG,"PROPIOPHENONE, 99+%",1,0,visible,"PROPIOPHENONE, 99+%","PROPIOPHENONE, 99+%",,,taxable,,1,,,0,0,,,,,1,,,7100,RED,,,,,,,,,,,,0,產品編號,W346918-1KG,1,1,英文名稱,"PROPIOPHENONE, 99+%",1,1,中文名稱,"PROPIOPHENONE, 99+%",1,1,CAS Number,-,1,1,產品線,54,1,1,法規需求,其他管制品項_請洽詢默克窗口T,1,1,注意事項,-,1,1,運送方式,A,1,1,停產資訊,Y,1,1,產品分類,RED,1,1
1668,simple,W346918-SAMPLE,"PROPIOPHENONE, 99+%",1,0,visible,"PROPIOPHENONE, 99+%","PROPIOPHENONE, 99+%",,,taxable,,1,,,0,0,,,,,1,,,1900,RED,,,,,,,,,,,,0,產品編號,W346918-SAMPLE,1,1,英文名稱,"PROPIOPHENONE, 99+%",1,1,中文名稱,"PROPIOPHENONE, 99+%",1,1,CAS Number,-,1,1,產品線,54,1,1,法規需求,其他管制品項_請洽詢默克窗口T,1,1,注意事項,-,1,1,運送方式,A,1,1,停產資訊,Y,1,1,產品分類,RED,1,1
1669,simple,79401-25MG,PHOSPHATIDYLINOSITOL AMMONIUM SALT SOLU&,1,0,visible,PHOSPHATIDYLINOSITOL AMMONIUM SALT SOLU&,PHOSPHATIDYLINOSITOL AMMONIUM SALT SOLU&,,,taxable,,1,,,0,0,,,,,1,,,53900,RED,,,,,,,,,,,,0,產品編號,79401-25MG,1,1,英文名稱,PHOSPHATIDYLINOSITOL AMMONIUM SALT SOLU&,1,1,中文名稱,PHOSPHATIDYLINOSITOL AMMONIUM SALT SOLU&,1,1,CAS Number,-,1,1,產品線,777,1,1,法規需求,其他管制品項_請洽詢默克窗口新化學物質_需透過默克申請新化證,1,1,注意事項,-,1,1,運送方式,S,1,1,停產資訊,-,1,1,產品分類,RED,1,1
1670,simple,79401-5MG,PHOSPHATIDYLINOSITOL AMMONIUM SALT SOLU&,1,0,visible,PHOSPHATIDYLINOSITOL AMMONIUM SALT SOLU&,PHOSPHATIDYLINOSITOL AMMONIUM SALT SOLU&,,,taxable,,1,,,0,0,,,,,1,,,13600,RED,,,,,,,,,,,,0,產品編號,79401-5MG,1,1,英文名稱,PHOSPHATIDYLINOSITOL AMMONIUM SALT SOLU&,1,1,中文名稱,PHOSPHATIDYLINOSITOL AMMONIUM SALT SOLU&,1,1,CAS Number,-,1,1,產品線,777,1,1,法規需求,其他管制品項_請洽詢默克窗口新化學物質_需透過默克申請新化證,1,1,注意事項,-,1,1,運送方式,S,1,1,停產資訊,-,1,1,產品分類,RED,1,1
1671,simple,135380-100G,"PHENYLACETONE, 98%",1,0,visible,"PHENYLACETONE, 98%","PHENYLACETONE, 98%",,,taxable,,1,,,0,0,,,,,1,,,1900,RED,,,,,,,,,,,,0,產品編號,135380-100G,1,1,英文名稱,"PHENYLACETONE, 98%",1,1,中文名稱,"PHENYLACETONE, 98%",1,1,CAS Number,103-79-7,1,1,產品線,774,1,1,法規需求,其他管制品項_請洽詢默克窗口T,1,1,注意事項,M2,1,1,運送方式,A,1,1,停產資訊,Y,1,1,產品分類,RED,1,1
1672,simple,SHF1200425,HiFlow Plus 120 25mm x x100m Roll 4,1,0,visible,HiFlow Plus 120 25mm x x100m Roll 4,高流速硝化纖維膜,,,taxable,,1,,,0,0,,,,,1,,,23900,BLUE,,,,,,,,,,,,0,產品編號,SHF1200425,1,1,英文名稱,HiFlow Plus 120 25mm x x100m Roll 4,1,1,中文名稱,高流速硝化纖維膜,1,1,CAS Number,-,1,1,產品線,635,1,1,法規需求,無管制_但請再確認注意事項,1,1,注意事項,7,1,1,運送方式,A,1,1,停產資訊,-,1,1,產品分類,BLUE,1,1
1673,simple,BP558-SIAL,"ZUCLOPENTHIXOL HYDROCHLORIDE, BRITISH PH",1,0,visible,"ZUCLOPENTHIXOL HYDROCHLORIDE, BRITISH PH","ZUCLOPENTHIXOL HYDROCHLORIDE, BRITISH PH",,,taxable,,1,,,0,0,,,,,1,,,12300,RED,,,,,,,,,,,,0,產品編號,BP558-SIAL,1,1,英文名稱,"ZUCLOPENTHIXOL HYDROCHLORIDE, BRITISH PH",1,1,中文名稱,"ZUCLOPENTHIXOL HYDROCHLORIDE, BRITISH PH",1,1,CAS Number,-,1,1,產品線,531,1,1,法規需求,無管制_但請再確認注意事項,1,1,注意事項,99,1,1,運送方式,A,1,1,停產資訊,-,1,1,產品分類,RED,1,1
1674,simple,1.12122.0001,PALCAM LISTERIA SELECTIVE-SUPPLEMENT ACC,1,0,visible,PALCAM LISTERIA SELECTIVE-SUPPLEMENT ACC,Palcam培養基添加物,,,taxable,,1,,,0,0,,,,,1,,,0,BLUE,,,,,,,,,,,,0,產品編號,1.12122.0001,1,1,英文名稱,PALCAM LISTERIA SELECTIVE-SUPPLEMENT ACC,1,1,中文名稱,Palcam培養基添加物,1,1,CAS Number,-,1,1,產品線,64,1,1,法規需求,無管制_但請再確認注意事項,1,1,注意事項,M1,1,1,運送方式,P,1,1,停產資訊,Y,1,1,產品分類,BLUE,1,1
1675,simple,563935-2.5L,"ISOPROPANOL, 70% IN H2O",1,0,visible,"ISOPROPANOL, 70% IN H2O","ISOPROPANOL, 70% IN H2O",,,taxable,,1,,,0,0,,,,,1,,,5800,RED,,,,,,,,,,,,0,產品編號,563935-2.5L,1,1,英文名稱,"ISOPROPANOL, 70% IN H2O",1,1,中文名稱,"ISOPROPANOL, 70% IN H2O",1,1,CAS Number,67-63-0,1,1,產品線,480,1,1,法規需求,無管制_但請再確認注意事項,1,1,注意事項,YY,1,1,運送方式,A,1,1,停產資訊,-,1,1,產品分類,RED,1,1
1676,simple,P7949-100ML,"TWEEN(R) 20 BIOXTRA, VISCOUS LIQUID",1,0,visible,"TWEEN(R) 20 BIOXTRA, VISCOUS LIQUID","GUS: TWEEN(R) 20 BIOXTRA, VISCOUS LIQUID",,,taxable,,1,,,0,0,,,,,1,,,2300,RED,,,,,,,,,,,,0,產品編號,P7949-100ML,1,1,英文名稱,"TWEEN(R) 20 BIOXTRA, VISCOUS LIQUID",1,1,中文名稱,"GUS: TWEEN(R) 20 BIOXTRA, VISCOUS LIQUID",1,1,CAS Number,9005-64-5,1,1,產品線,499,1,1,法規需求,無管制_但請再確認注意事項,1,1,注意事項,YY,1,1,運送方式,A,1,1,停產資訊,-,1,1,產品分類,RED,1,1
1677,simple,P9416-50ML,TWEEN(R) 20 FOR MOLECULAR BIOLOGY POLY,1,0,visible,TWEEN(R) 20 FOR MOLECULAR BIOLOGY POLY,GUS: TWEEN(R) 20  FOR MOLECULAR BIOLOGY,,,taxable,,1,,,0,0,,,,,1,,,1200,RED,,,,,,,,,,,,0,產品編號,P9416-50ML,1,1,英文名稱,TWEEN(R) 20 FOR MOLECULAR BIOLOGY POLY,1,1,中文名稱,GUS: TWEEN(R) 20-FOR MOLECULAR BIOLOGY,1,1,CAS Number,9005-64-5,1,1,產品線,499,1,1,法規需求,無管制_但請再確認注意事項,1,1,注意事項,YY,1,1,運送方式,A,1,1,停產資訊,-,1,1,產品分類,RED,1,1
1678,simple,Z002389.1566,GENISTIN 10mg,1,0,visible,GENISTIN 10mg,GENISTIN 10mg,,,taxable,,1,,,0,0,,,,,1,,,0,BLUE,,,,,,,,,,,,0,產品編號,Z002389.1566,1,1,英文名稱,GENISTIN 10mg,1,1,中文名稱,GENISTIN 10mg,1,1,CAS Number,-,1,1,產品線,781,1,1,法規需求,無管制_但請再確認注意事項,1,1,注意事項,-,1,1,運送方式,L,1,1,停產資訊,-,1,1,產品分類,BLUE,1,1
1679,simple,200550AG.1566,GeneMorph II random mutagenesis kit,1,0,visible,GeneMorph II random mutagenesis kit,GeneMorph II random 點突變 kit,,,taxable,,1,,,0,0,,,,,1,,,26200,BLUE,,,,,,,,,,,,0,產品編號,200550AG.1566,1,1,英文名稱,GeneMorph II random mutagenesis kit,1,1,中文名稱,GeneMorph II random 點突變 kit,1,1,CAS Number,-,1,1,產品線,823,1,1,法規需求,無管制_但請再確認注意事項,1,1,注意事項,M2,1,1,運送方式,L,1,1,停產資訊,Y,1,1,產品分類,BLUE,1,1
1680,simple,204131AG.1566,"GeneJammer Transfection Reagent,4x1 ml",1,0,visible,"GeneJammer Transfection Reagent,4x1 ml","GeneJammer 轉殖 Reagent,4x1 ml",,,taxable,,1,,,0,0,,,,,1,,,58700,BLUE,,,,,,,,,,,,0,產品編號,204131AG.1566,1,1,英文名稱,"GeneJammer Transfection Reagent,4x1 ml",1,1,中文名稱,"GeneJammer 轉殖 Reagent,4x1 ml",1,1,CAS Number,-,1,1,產品線,823,1,1,法規需求,無管制_但請再確認注意事項,1,1,注意事項,M2,1,1,運送方式,L,1,1,停產資訊,Y,1,1,產品分類,BLUE,1,1
1681,simple,1.55602.1000,TAIZHU TZ 1005 1 KG,1,0,visible,TAIZHU TZ 1005 1 KG,TZ1005,,,taxable,,1,,,0,0,,,,,1,,,1,BLUE,,,,,,,,,,,,0,產品編號,1.55602.1000,1,1,英文名稱,TAIZHU TZ 1005 1 KG,1,1,中文名稱,TZ1005,1,1,CAS Number,-,1,1,產品線,211,1,1,法規需求,無管制_但請再確認注意事項,1,1,注意事項,M2,1,1,運送方式,PAX,1,1,停產資訊,Y,1,1,產品分類,BLUE,1,1
1682,simple,1.04288.1000,IRIODIN 225 1 KG,1,0,visible,IRIODIN 225 1 KG,IRIODIN 225 RUTILE BLUE PEARL,,,taxable,,1,,,0,0,,,,,1,,,1100,BLUE,,,,,,,,,,,,0,產品編號,1.04288.1000,1,1,英文名稱,IRIODIN 225 1 KG,1,1,中文名稱,IRIODIN 225 RUTILE BLUE PEARL,1,1,CAS Number,-,1,1,產品線,211,1,1,法規需求,無管制_但請再確認注意事項,1,1,注意事項,-,1,1,運送方式,PAX,1,1,停產資訊,-,1,1,產品分類,BLUE,1,1
1683,simple,400092-5MGCN,InSolution HIF-1 Inhibitor,1,0,visible,InSolution HIF-1 Inhibitor,抑制劑,,,taxable,,1,,,0,0,,,,,1,,,4300,BLUE,,,,,,,,,,,,0,產品編號,400092-5MGCN,1,1,英文名稱,InSolution HIF-1 Inhibitor,1,1,中文名稱,抑制劑,1,1,CAS Number,-,1,1,產品線,760,1,1,法規需求,新化學物質_需透過默克申請新化證,1,1,注意事項,-,1,1,運送方式,Y,1,1,停產資訊,-,1,1,產品分類,BLUE,1,1
1684,simple,8.57008.4000,Oxidizer Reagent 4 L,1,0,visible,Oxidizer Reagent 4 L,合成用氧化劑,,,taxable,,1,,,0,0,,,,,1,,,62600,BLUE,,,,,,,,,,,,0,產品編號,8.57008.4000,1,1,英文名稱,Oxidizer Reagent 4 L,1,1,中文名稱,合成用氧化劑,1,1,CAS Number,N/A,1,1,產品線,650,1,1,法規需求,無管制_但請再確認注意事項,1,1,注意事項,-,1,1,運送方式,SEA,1,1,停產資訊,-,1,1,產品分類,BLUE,1,1
1685,simple,8.22251.5011,ACETONE EMPLURA# 5 L,1,0,visible,ACETONE EMPLURA# 5 L,丙酮(塑膠瓶),,,taxable,,1,,,0,0,,,,,1,,,3400,BLUE,,,,,,,,,,,,0,產品編號,8.22251.5011,1,1,英文名稱,ACETONE EMPLURA# 5 L,1,1,中文名稱,丙酮(塑膠瓶),1,1,CAS Number,67-64-1,1,1,產品線,736,1,1,法規需求,無管制_但請再確認注意事項,1,1,注意事項,M2,1,1,運送方式,SEA,1,1,停產資訊,Y,1,1,產品分類,BLUE,1,1
1686,simple,A7302-100G.1566,Ammonium molybdate tetrahydrate,1,0,visible,Ammonium molybdate tetrahydrate,Ammonium molybdate tetrahydrate,,,taxable,,1,,,0,0,,,,,1,,,4600,BLUE,,,,,,,,,,,,0,產品編號,A7302-100G.1566,1,1,英文名稱,Ammonium molybdate tetrahydrate,1,1,中文名稱,Ammonium molybdate tetrahydrate,1,1,CAS Number,-,1,1,產品線,823,1,1,法規需求,無管制_但請再確認注意事項,1,1,注意事項,-,1,1,運送方式,L,1,1,停產資訊,-,1,1,產品分類,BLUE,1,1
1687,simple,1566.Z00116,"Ammonium formate , 97%",1,0,visible,"Ammonium formate , 97%","Ammonium formate , 97%",,,taxable,,1,,,0,0,,,,,1,,,0,BLUE,,,,,,,,,,,,0,產品編號,1566.Z00116,1,1,英文名稱,"Ammonium formate , 97%",1,1,中文名稱,"Ammonium formate , 97%",1,1,CAS Number,-,1,1,產品線,823,1,1,法規需求,無管制_但請再確認注意事項,1,1,注意事項,M2,1,1,運送方式,-,1,1,停產資訊,Y,1,1,產品分類,BLUE,1,1
1688,simple,1566.Z00151,Ammonium formate,1,0,visible,Ammonium formate,Ammonium formate,,,taxable,,1,,,0,0,,,,,1,,,0,BLUE,,,,,,,,,,,,0,產品編號,1566.Z00151,1,1,英文名稱,Ammonium formate,1,1,中文名稱,Ammonium formate,1,1,CAS Number,-,1,1,產品線,823,1,1,法規需求,無管制_但請再確認注意事項,1,1,注意事項,M2,1,1,運送方式,-,1,1,停產資訊,Y,1,1,產品分類,BLUE,1,1
1689,simple,1.13575.0001,SCHAEDLER-KV agar,1,0,visible,SCHAEDLER-KV agar,SCHAEDLER培養基,,,taxable,,1,,,0,0,,,,,1,,,1050,BLUE,,,,,,,,,,,,0,產品編號,1.13575.0001,1,1,英文名稱,SCHAEDLER-KV agar,1,1,中文名稱,SCHAEDLER培養基,1,1,CAS Number,-,1,1,產品線,-,1,1,法規需求,無管制_但請再確認注意事項,1,1,注意事項,-,1,1,運送方式,-,1,1,停產資訊,-,1,1,產品分類,BLUE,1,1
1690,simple,559240-100UGCN,Anti-rSec6 Mouse mAb (9H5),1,0,visible,Anti-rSec6 Mouse mAb (9H5),rSec6單株抗體,,,taxable,,1,,,0,0,,,,,1,,,15100,BLUE,,,,,,,,,,,,0,產品編號,559240-100UGCN,1,1,英文名稱,Anti-rSec6 Mouse mAb (9H5),1,1,中文名稱,rSec6單株抗體,1,1,CAS Number,-,1,1,產品線,-,1,1,法規需求,無管制_但請再確認注意事項,1,1,注意事項,-,1,1,運送方式,-,1,1,停產資訊,-,1,1,產品分類,BLUE,1,1
1691,simple,P502.1566,RNApure Reagent (100mL),1,0,visible,RNApure Reagent (100mL),RNA 純化試劑,,,taxable,,1,,,0,0,,,,,1,,,0,BLUE,,,,,,,,,,,,0,產品編號,P502.1566,1,1,英文名稱,RNApure Reagent (100mL),1,1,中文名稱,RNA 純化試劑,1,1,CAS Number,-,1,1,產品線,-,1,1,法規需求,無管制_但請再確認注意事項,1,1,注意事項,-,1,1,運送方式,-,1,1,停產資訊,-,1,1,產品分類,BLUE,1,1
1692,simple,1.03936.9025.1039,BIFLAIR 66 A 25 KG,1,0,visible,BIFLAIR 66 A 25 KG,BIFLAIR 66 A 25 KG,,,taxable,,1,,,0,0,,,,,1,,,3971,BLUE,,,,,,,,,,,,0,產品編號,1.03936.9025.1039,1,1,英文名稱,BIFLAIR 66 A 25 KG,1,1,中文名稱,BIFLAIR 66 A 25 KG,1,1,CAS Number,-,1,1,產品線,269,1,1,法規需求,無管制_但請再確認注意事項,1,1,注意事項,-,1,1,運送方式,AIR,1,1,停產資訊,-,1,1,產品分類,BLUE,1,1
1693,simple,R454972317.1566,Bowl and Lower Spigot,1,0,visible,Bowl and Lower Spigot,氫氣產生器維修零件,,,taxable,,1,,,0,0,,,,,1,,,23100,BLUE,,,,,,,,,,,,0,產品編號,R454972317.1566,1,1,英文名稱,Bowl and Lower Spigot,1,1,中文名稱,氫氣產生器維修零件,1,1,CAS Number,-,1,1,產品線,781,1,1,法規需求,無管制_但請再確認注意事項,1,1,注意事項,M2,1,1,運送方式,N,1,1,停產資訊,Y,1,1,產品分類,BLUE,1,1
1694,simple,8.00184.0250,AZODICARBOXAMIDE FOR SYNTHESIS,1,0,visible,AZODICARBOXAMIDE FOR SYNTHESIS,偶氮二羰醯胺(phase out),,,taxable,,1,,,0,0,,,,,1,,,2500,BLUE,,,,,,,,,,,,0,產品編號,8.00184.0250,1,1,英文名稱,AZODICARBOXAMIDE FOR SYNTHESIS,1,1,中文名稱,偶氮二羰醯胺(phase out),1,1,CAS Number,123-77-3,1,1,產品線,650,1,1,法規需求,無管制_但請再確認注意事項,1,1,注意事項,-,1,1,運送方式,N/A,1,1,停產資訊,Y,1,1,產品分類,BLUE,1,1